depth,mean_count,true_plasticity,scPhyTr,naive
1,1.0101041666666668,0.35,0.2513751041874478,0.6381411903865604
2,1.991458333333333,0.35,0.22868799553181646,0.5537464664903838
4,3.9884375000000003,0.35,0.21667928596874714,0.5137162681645857
8,8.005416666666667,0.35,0.2625888124716461,0.5026153755995588
16,15.976875,0.35,0.23714227741477645,0.5172299241660617
32,31.938229166666666,0.35,0.21710907641149899,0.471676718470292
64,64.03260416666667,0.35,0.20110729141011496,0.47669381986694453
