depth,mean_count,true_lambda,scPhyTr_mean,scPhyTr_sd,Gaussian_mean,Gaussian_sd,Pagel_mean,Pagel_sd
1,1.5842592592592593,0.6,0.589463273474665,0.3426759852022487,0.18219064466865204,0.18672443716758483,0.27159812879576656,0.1945032469806966
2,3.365740740740741,0.6,0.49424948126212154,0.3641123402260882,0.28837473188946383,0.22694092139175753,0.3657118922628137,0.20627945636338188
4,6.676851851851852,0.6,0.47780157974933246,0.334586484849881,0.3604082696363676,0.2446080571813362,0.4349045193673655,0.2051616488979375
8,13.024999999999999,0.6,0.45640602882327524,0.2890518856175963,0.38641586629330926,0.24212606662098538,0.44241176055410186,0.20078250814006843
16,26.372067901234566,0.6,0.5430885574130642,0.25139665924979704,0.49592687640977534,0.24921563657485352,0.5266937533809489,0.2070388649866653
32,52.50293209876544,0.6,0.5062862001384489,0.2647177674025504,0.5040585599182665,0.2710692720971517,0.5361147453365057,0.23341578584676367
64,103.21712962962962,0.6,0.48282134610545646,0.2730165817855923,0.4756727427480285,0.2696226471187558,0.5294033505942637,0.2053262460006927
128,221.77145061728393,0.6,0.4862315288023111,0.25963869288385233,0.4953809061533136,0.2742236462772544,0.5304889428674232,0.20492862930712794
