true_plasticity,scPhyTr,naive
0.0,0.00036877924170637823,0.3474664053855911
0.1,0.033342913963098283,0.41792992123994466
0.2,0.09191024966335604,0.4886996470803595
0.35,0.20462320634342263,0.5812307615319469
0.5,0.3472621717761464,0.6694249778523956
0.65,0.5149727332854923,0.749144643527443
