depth,mean_count,scPhyTr_rigid,naive_rigid,scPhyTr_auroc,naive_auroc
1,1.8544097222222224,0.0003070042282204017,0.4996656710637192,1.0,0.7444444444444444
2,3.680833333333333,0.00217854340540715,0.3709790881272981,1.0,0.8333333333333333
4,7.515590277777778,0.0002845704496235608,0.23563905119754086,1.0,0.9722222222222223
8,14.801006944444444,3.691489721421721e-05,0.14006109451655008,1.0,1.0
16,29.735069444444445,5.75129480316745e-05,0.07943741640037032,1.0,1.0
32,59.629618055555554,1.2586185466806146e-05,0.043229365201933906,1.0,1.0
64,119.95562500000001,2.2876874039528703e-05,0.021676643725132658,1.0,1.0
128,236.4848263888889,2.4586269029551537e-05,0.011127695551784066,1.0,1.0
