depth,mean_count,scPhyTr_auroc,Gaussian_auroc
2,1.9853571428571428,0.8333333333333334,0.7213888888888889
4,3.971428571428571,0.8505555555555555,0.7647222222222222
8,7.993452380952381,0.9272222222222222,0.8786111111111111
16,16.02583333333333,0.8794444444444445,0.8313888888888888
32,31.89642857142857,0.8769444444444444,0.8536111111111111
64,63.911904761904765,0.9241666666666667,0.8808333333333334
128,127.90797619047619,0.9608333333333333,0.9075
