true_lambda,depth,scPhyTr_mean,scPhyTr_sd,Gaussian_mean,Gaussian_sd,Pagel_mean,Pagel_sd
0.1,3,0.040106836776078104,0.1068871369994964,0.024480673342471487,0.06072638123256599,0.05053496880385121,0.08277701822905842
0.3,3,0.16104356038661527,0.1965241873303796,0.1049065727746106,0.1265074261194825,0.17001546618770547,0.15815349753996807
0.5,3,0.3503769411337372,0.3117963212613366,0.22053772448380815,0.19806891091740642,0.2853227485186888,0.2201050210024442
0.7,3,0.5705340770223502,0.32522452330398854,0.4123160481606854,0.2469211348627663,0.4615179726951832,0.22208799345414929
0.9,3,0.8088391081203573,0.31147067922648786,0.6206030974083497,0.2580835046126929,0.6231012235275301,0.210905457216106
