depth,mean_count,true_rho,scPhyTr_within,scPhyTr_cross,scPhyTr_auroc,contrasts_within,contrasts_cross,contrasts_auroc,naive_within,naive_cross,naive_auroc
1,1.6428571428571428,0.7,0.5356049267844695,0.2348399472438251,0.874074074074074,0.17189281273010376,0.13080889087050301,0.6037037037037036,0.3204893588964785,0.15062829907526482,0.8148148148148149
2,3.1966666666666663,0.7,0.6102443059949623,0.16585345036524285,0.9888888888888889,0.2601812625462267,0.10514945462838901,0.8185185185185185,0.41450488853900047,0.13530398412395497,0.9481481481481481
4,6.432380952380953,0.7,0.6383215757075412,0.15767247173036109,0.9888888888888889,0.31079395110236857,0.1149479334798823,0.9111111111111111,0.49309581052640683,0.14849978139320016,0.9259259259259259
8,12.892857142857144,0.7,0.6881219768255538,0.16111283487491007,1.0,0.4108987841593662,0.12504552293596455,0.962962962962963,0.5595096204048157,0.16747622822628375,0.9851851851851852
16,25.684285714285714,0.7,0.6997026286044016,0.12425866378151648,1.0,0.5074752437950856,0.09689978947155277,1.0,0.6055829289244506,0.17515855857985924,0.9777777777777779
32,51.58047619047619,0.7,0.7071935233557621,0.09834495712039133,1.0,0.587671823297662,0.09336238957097377,1.0,0.6347503749435214,0.17641244432002287,0.9962962962962962
64,103.48523809523809,0.7,0.7006604332720344,0.09185845441630074,1.0,0.6231911570544814,0.08673240391228282,1.0,0.6382046910589223,0.17990809822360526,0.9851851851851852
128,207.02666666666664,0.7,0.698688509628943,0.10681269962232387,1.0,0.6376079821225601,0.10663856313316895,1.0,0.6426638109391373,0.18763108937564885,0.9888888888888889
