rep,sp_p,sp_ratio
0,0.09839435375316746,1.9651386991339865
1,0.14246404479805894,1.8001550573436695
2,0.7612061765243036,1.1308898812834551
3,0.656443866756182,1.2003022207583107
