ratio,rep,true_slow,true_fast,sp_slow,sp_fast,sp_ratio,sp_p,sp_seconds,rb_slow,rb_fast,rb_ratio,rb_seconds
4.0,0,1.0,4.0,0.8343525960874993,4.764752914946873,5.710718630576645,3.4878169954387444e-05,0.12951397895812988,0.9638472571714143,2.2509311274362815,2.335360826820268,4.995504140853882
4.0,1,1.0,4.0,0.7200475849898115,2.5642945134365416,3.5612847913000443,0.0017847365757581975,0.10698699951171875,0.8881484868565718,1.6446172058970514,1.8517367650063257,5.2639429569244385
4.0,2,1.0,4.0,1.2746252037533636,3.8351870871189293,3.0088743544577103,0.006757721515189616,0.09397196769714355,1.1907718169415293,2.02995252023988,1.7047367861407463,4.9635210037231445
4.0,3,1.0,4.0,1.3837285121944216,3.2632709680722956,2.3583173572806944,0.03911441164582139,0.09860396385192871,1.2429242214892553,1.8698643518240878,1.5044073640979023,4.871419906616211
16.0,0,1.0,16.0,0.973790809659855,15.678250133230998,16.100223967719934,4.879215449039937e-09,0.2544729709625244,1.045652328085957,4.085466251374313,3.907098125868152,4.916346073150635
16.0,1,1.0,16.0,0.9030395844344777,10.756346538746184,11.911268037582508,7.862831335046505e-08,0.1039271354675293,1.011872656321839,3.3674290489755125,3.327917824379335,4.968664884567261
16.0,2,1.0,16.0,0.966175795792244,20.44845745072647,21.16432386298723,1.3341825854451552e-11,0.11194491386413574,1.0274596528735631,4.653137310344826,4.528778621458366,5.067069053649902
16.0,3,1.0,16.0,0.8589855101469308,13.580205913328601,15.809586719344876,1.3547185716891774e-09,0.10606622695922852,0.9701241939030484,3.8073208185907044,3.924570526658979,5.25316596031189
