genes,lowrank,fullrank
10,0.36827516555786133,25.111871004104614
20,0.6851115226745605,31.498066902160645
50,0.7987189292907715,331.39310693740845
100,0.6882109642028809,
200,1.4305224418640137,
400,1.498245358467102,
800,3.2337671518325806,
