depth,scphytr,naive,scphytr_mean,naive_mean
1.0,0.7022736119011564,0.27535403832544214,0.7117967402451357,0.2981024593463045
3.0,0.6675302625358159,0.453467380807713,0.6921590807715028,0.4723193818458027
10.0,0.6974506696430568,0.6134119129428031,0.6949049350263422,0.6224115063934779
50.0,0.6436435429512319,0.6587344698007571,0.6851740386120838,0.6715082896430203
500.0,0.6705913986023984,0.6647775339427047,0.6905067426522785,0.6894501494193362
