intermixing,frac_mae
0.0,0.08488459310036271
0.2,0.050646200912656134
0.4,0.07164649746161054
0.7,0.0625862703204492
1.0,0.06445101813882315
